Physical Sciences P2, 2025-05-27 09:00:00
Tourism P1, 2025-06-10 14:00:00
History P2, 2025-06-24 14:00:00
Agricultural Sciences P2, 2025-06-25 14:00:00
Economics P2, 2025-06-25 14:00:00
Business Studies P2, 2025-06-16 09:00:00
Geography P2, 2025-06-09 09:00:00
Life Sciences P2, 2025-06-03 14:00:00
Mathematics P2, 2025-05-20 09:00:00
Agricultural Sciences P1, 2025-06-23 09:00:00
Mathematical Literacy P2, 2025-05-20 09:00:00
Physical Sciences P1, 2025-05-23 09:00:00
Mathematics P1, 2025-05-16 09:00:00
Mathematical Literacy P1, 2025-05-16 09:00:00
Life Sciences P1, 2025-05-30 09:00:00
History P1, 2025-06-18 14:00:00
Geography P1, 2025-05-28 09:00:00
Economics P1, 2025-06-24 09:00:00
Business Studies P1, 2025-06-06 09:00:00